subreddit,arch,count_posts,count_comments,count_total
SwiftUI,MVVM,164,282,446
SwiftUI,TCA,17,127,144
SwiftUI,MVC,14,40,54
SwiftUI,MV,8,30,38
SwiftUI,VIPER,6,8,14
SwiftUI,MVP,6,4,10
SwiftUI,MVVM-C,3,5,8
SwiftUI,MVI,1,0,1
iOSProgramming,MVVM,114,105,219
iOSProgramming,TCA,16,22,38
iOSProgramming,MVP,20,7,27
iOSProgramming,MVC,14,11,25
iOSProgramming,VIPER,5,8,13
iOSProgramming,MV,3,3,6
iOSProgramming,MVVM-C,2,2,4
iOSProgramming,MVI,1,1,2
iOSProgramming,RIBs,1,0,1
swift,MVVM,92,78,170
swift,TCA,16,48,64
swift,MVC,13,14,27
swift,VIPER,6,8,14
swift,MV,3,10,13
swift,MVP,4,3,7
swift,MVVM-C,3,0,3
swift,MVI,1,0,1
