primary_architecture,category,count
MVVM,beneficio_percebido,18
MVVM,adequacao_tecnica,13
MVVM,estrutura_arquitetural,13
MVVM,percepcao_geral,11
MVVM,custo_percebido,9
MVVM,adocao_e_aprendizado,6
TCA,percepcao_geral,5
TCA,adequacao_tecnica,4
MV,beneficio_percebido,3
MV,estrutura_arquitetural,3
MVP,adocao_e_aprendizado,2
MVP,beneficio_percebido,2
MV,adequacao_tecnica,1
MV,adocao_e_aprendizado,1
MV,custo_percebido,1
MV,percepcao_geral,1
MVP,custo_percebido,1
MVP,estrutura_arquitetural,1
TCA,beneficio_percebido,1
TCA,custo_percebido,1
TCA,estrutura_arquitetural,1
VIPER,adequacao_tecnica,1
VIPER,adocao_e_aprendizado,1
VIPER,percepcao_geral,1
