Principal motivo da escolha dessa arquitetura:,Justifique a escolha acima,Justifique a escolha acima,Justifique a escolha acima,Justifique a escolha acima,Justifique a escolha acima,"Obrigado pela atenção e dedicação ao responder esse formulário! Suas respostas serão muito construtivas para o desenvolvimento do trabalho.

Qualquer dúvida ou sugestão fique a vontade para mencionar abaixo."
Facilidade,"Gosto de criar uma pasta view e outra model, mas se o projeto é muito extenso, crio subpastas dentro das mesmas para organizar por feature, caso sejam features mais pontuais","Gosto de criar uma pasta view e outra model, mas se o projeto é muito extenso, crio subpastas dentro das mesmas para organizar por feature, caso sejam features mais pontuais","Gosto de criar uma pasta view e outra model, mas se o projeto é muito extenso, crio subpastas dentro das mesmas para organizar por feature, caso sejam features mais pontuais","Gosto de criar uma pasta view e outra model, mas se o projeto é muito extenso, crio subpastas dentro das mesmas para organizar por feature, caso sejam features mais pontuais","Gosto de criar uma pasta view e outra model, mas se o projeto é muito extenso, crio subpastas dentro das mesmas para organizar por feature, caso sejam features mais pontuais",
Facilidade,"Se cada camada deve ser desacoplada e projetada, faz sentido não deixar elementos de camadas diferentes juntos","Se cada camada deve ser desacoplada e projetada, faz sentido não deixar elementos de camadas diferentes juntos","Se cada camada deve ser desacoplada e projetada, faz sentido não deixar elementos de camadas diferentes juntos","Se cada camada deve ser desacoplada e projetada, faz sentido não deixar elementos de camadas diferentes juntos","Se cada camada deve ser desacoplada e projetada, faz sentido não deixar elementos de camadas diferentes juntos",Tá bão!
Padrão da equipe,"Já era a forma de organização da minha equipe quando entrei, mas acho fácil a visualização ","Já era a forma de organização da minha equipe quando entrei, mas acho fácil a visualização ","Já era a forma de organização da minha equipe quando entrei, mas acho fácil a visualização ","Já era a forma de organização da minha equipe quando entrei, mas acho fácil a visualização ","Já era a forma de organização da minha equipe quando entrei, mas acho fácil a visualização ",
Testabilidade,"Prefiro manter todas as classes de um contexto juntas, ao invés de cada arquivo em uma pasta diferente.","Prefiro manter todas as classes de um contexto juntas, ao invés de cada arquivo em uma pasta diferente.","Prefiro manter todas as classes de um contexto juntas, ao invés de cada arquivo em uma pasta diferente.","Prefiro manter todas as classes de um contexto juntas, ao invés de cada arquivo em uma pasta diferente.","Prefiro manter todas as classes de um contexto juntas, ao invés de cada arquivo em uma pasta diferente.",
Escalabilidade,dessa forma o projeto fica mais organizado e estabilizado ,dessa forma o projeto fica mais organizado e estabilizado ,dessa forma o projeto fica mais organizado e estabilizado ,dessa forma o projeto fica mais organizado e estabilizado ,dessa forma o projeto fica mais organizado e estabilizado ,
Organização,Organizar melhor o código ,Organizar melhor o código ,Organizar melhor o código ,Organizar melhor o código ,Organizar melhor o código ,
Padrão da equipe,"Pra mim, a organização que mais funciona é a separação por pastas relacionadas a funcionalidades. Principalmente na organização das Views, costumo separar por trechos de navegação que facilitam na hora de entender o fluxo visual do app.","Pra mim, a organização que mais funciona é a separação por pastas relacionadas a funcionalidades. Principalmente na organização das Views, costumo separar por trechos de navegação que facilitam na hora de entender o fluxo visual do app.","Pra mim, a organização que mais funciona é a separação por pastas relacionadas a funcionalidades. Principalmente na organização das Views, costumo separar por trechos de navegação que facilitam na hora de entender o fluxo visual do app.","Pra mim, a organização que mais funciona é a separação por pastas relacionadas a funcionalidades. Principalmente na organização das Views, costumo separar por trechos de navegação que facilitam na hora de entender o fluxo visual do app.","Pra mim, a organização que mais funciona é a separação por pastas relacionadas a funcionalidades. Principalmente na organização das Views, costumo separar por trechos de navegação que facilitam na hora de entender o fluxo visual do app.",
Organização,"Devido ao ritmo de desenvolvimento do time, não é possível gerar módulos para cada.","Devido ao ritmo de desenvolvimento do time, não é possível gerar módulos para cada.","Devido ao ritmo de desenvolvimento do time, não é possível gerar módulos para cada.","Devido ao ritmo de desenvolvimento do time, não é possível gerar módulos para cada.","Devido ao ritmo de desenvolvimento do time, não é possível gerar módulos para cada.",
Organização,Acredito que assim mantenho uma melhor estrutura do projeto.,Acredito que assim mantenho uma melhor estrutura do projeto.,Acredito que assim mantenho uma melhor estrutura do projeto.,Acredito que assim mantenho uma melhor estrutura do projeto.,Acredito que assim mantenho uma melhor estrutura do projeto.,
Escalabilidade,Organizo por camadas para manter uma separação clara de responsabilidades dentro do projeto.,Organizo por camadas para manter uma separação clara de responsabilidades dentro do projeto.,Organizo por camadas para manter uma separação clara de responsabilidades dentro do projeto.,Organizo por camadas para manter uma separação clara de responsabilidades dentro do projeto.,Organizo por camadas para manter uma separação clara de responsabilidades dentro do projeto.,
Escalabilidade,"Quando o projeto cresce, uma pasta com todos os ViewModels fica bagunçado - organizar por feature é mais limpo","Quando o projeto cresce, uma pasta com todos os ViewModels fica bagunçado - organizar por feature é mais limpo","Quando o projeto cresce, uma pasta com todos os ViewModels fica bagunçado - organizar por feature é mais limpo","Quando o projeto cresce, uma pasta com todos os ViewModels fica bagunçado - organizar por feature é mais limpo","Quando o projeto cresce, uma pasta com todos os ViewModels fica bagunçado - organizar por feature é mais limpo",
Facilidade,"Acredito ser uma maneira de organizar que torna a busca por algum arquivo bastante intuitiva e não exige muito esforço mental para criar os arquivos nos lugares corretos, então acho bom para organizar e para buscar um projeto com essa organização.","Acredito ser uma maneira de organizar que torna a busca por algum arquivo bastante intuitiva e não exige muito esforço mental para criar os arquivos nos lugares corretos, então acho bom para organizar e para buscar um projeto com essa organização.","Acredito ser uma maneira de organizar que torna a busca por algum arquivo bastante intuitiva e não exige muito esforço mental para criar os arquivos nos lugares corretos, então acho bom para organizar e para buscar um projeto com essa organização.","Acredito ser uma maneira de organizar que torna a busca por algum arquivo bastante intuitiva e não exige muito esforço mental para criar os arquivos nos lugares corretos, então acho bom para organizar e para buscar um projeto com essa organização.","Acredito ser uma maneira de organizar que torna a busca por algum arquivo bastante intuitiva e não exige muito esforço mental para criar os arquivos nos lugares corretos, então acho bom para organizar e para buscar um projeto com essa organização.",
Escalabilidade,"Organizar por feature deixa mais fácil de navegar entre Views, Models e ViewModels ao trabalhar em uma funcionalidade específica.","Organizar por feature deixa mais fácil de navegar entre Views, Models e ViewModels ao trabalhar em uma funcionalidade específica.","Organizar por feature deixa mais fácil de navegar entre Views, Models e ViewModels ao trabalhar em uma funcionalidade específica.","Organizar por feature deixa mais fácil de navegar entre Views, Models e ViewModels ao trabalhar em uma funcionalidade específica.","Organizar por feature deixa mais fácil de navegar entre Views, Models e ViewModels ao trabalhar em uma funcionalidade específica.",
