"Carimbo de data/hora","O Termo de Consentimento Livre e Esclarecido (TCLE) visa assegurar seus direitos como participante e está disponível nesse link. Por favor, leia com atenção e calma, buscando entender completamente a proposta da pesquisa. Não haverá qualquer tipo de penalização ou prejuízo se você não quiser participar ou retirar sua autorização em qualquer momento.


Após ter recebido esclarecimentos sobre a natureza da pesquisa, seus objetivos e métodos, eu declaro que sou maior de 18 anos e aceito participar por meio do formulário de participação, conforme as disposições da Lei Geral de Proteção de Dados (Lei nº 13.709/2018).

Em caso de resposta negativa, o formulário será encerrado, garantindo assim o respeito à autonomia e privacidade dos participantes, conforme estabelecido pela legislação vigente.","Nível de experiência em desenvolvimento iOS:","Tempo de experiência com SwiftUI:","Quais arquiteturas você já utilizou em projetos SwiftUI?","Qual delas você utiliza com mais frequência atualmente?","Principal motivo da escolha dessa arquitetura:","Como você organiza suas camadas (View, ViewModel, Model, etc.)?","Justifique a escolha acima","Você adiciona camadas extras como UseCase, Repository ou Coordinator?","Justifique a escolha acima","O uso de @State, @StateObject, @ObservedObject e @EnvironmentObject compromete o MVVM “puro”?","Justifique a escolha acima","Principais desafios ao aplicar arquiteturas complexas (VIPER) em SwiftUI:","Justifique a escolha acima","Qual arquitetura você acredita ser mais adequada ao ecossistema SwiftUI?","Justifique a escolha acima","Obrigado pela atenção e dedicação ao responder esse formulário! Suas respostas serão muito construtivas para o desenvolvimento do trabalho.

Qualquer dúvida ou sugestão fique a vontade para mencionar abaixo."
"2025/11/26 12:13:16 PM GMT-3","Sim","Avançado","1–2 anos","MVVM;MV","MV","Facilidade","Misturado","Gosto de criar uma pasta view e outra model, mas se o projeto é muito extenso, crio subpastas dentro das mesmas para organizar por feature, caso sejam features mais pontuais","Não","Não se aplica","Não","Acredito quer não. Na minha visão, são apenas modificadores que permitem uma facilidade do management de dados, e refresh da interface de acordo com a alteração de variáveis específicas. Talvez pudesse argumentar que o uso de @State impacta um pouco, pois vc acaba movendo um pouco da lógica para a view, mas por não ser minha arquitetura preferida para SwiftUI, não sinto tanto impacto nisso","Não se aplica (nunca trabalhei)","Não se aplica","MV","Acredito que devido à simplicidade que ela oferece, em conjunto com recursos da linguagem/framework como @State, @Environment, entre outros, é a que tem a maior escalabilidade, com mais organização e menos código (apesar de, dependendo do projeto, ter bastante lógica na view)",""
"2025/11/26 2:33:19 PM GMT-3","Sim","Especialista","Mais de 2 anos","MVVM;MVP;TCA;MV;MVC","MVVM","Facilidade","Por pastas/camadas","Se cada camada deve ser desacoplada e projetada, faz sentido não deixar elementos de camadas diferentes juntos","Sim","Adiciono camadas de acordo com a necessidade  e o tamanho do projeto. Normalmente faz sentido um Network, Repository ou Coordinator.","Não","O ""Combine"" é uma implementação do design pattern observer, seguindo o padrão o observável é a VM, deve estar implementado lá.","Aumento desnecessário de complexidade","A natureza reativa e orientada a estado do SwiftUI não se aproveita muito das vantagens dessas arquiteturas complexas. A reatividade foi criada para simplificar e abstrair camadas inteiras.","TCA","Com estados e ações de mudança de estados bem definidos o TCA resolve questões de navegabilidade e consistência para projetos com alta complexibilidade (quando a quantidade de estados tende a crescer em ordem maior que o crescimento de funcionalidades) Para projetos simples até o MV serve.","Tá bão!"
"2025/11/26 8:28:18 PM GMT-3","Sim","Avançado","Mais de 2 anos","MVVM;MVP;MV","MVVM","Padrão da equipe","Por pastas/camadas","Já era a forma de organização da minha equipe quando entrei, mas acho fácil a visualização ","Sim","Já usavam na equipe e eu não conhecia antes de entrar mas acho que faz deixar o código mais bem dividido e organizado ","Não sei opinar","Não sei opinar sobre, nunca percebi","Nunca usei arquiteturas mais complexas ","Nunca usei  arquitetura mais complexa","MVVM","Acho que é simples e se encaixa bem com a proposta da linguagem ",""
"2025/11/26 8:38:13 PM GMT-3","Sim","Avançado","Mais de 2 anos","MVVM;VIPER","MVVM","Testabilidade","Por feature/módulo","Prefiro manter todas as classes de um contexto juntas, ao invés de cada arquivo em uma pasta diferente.","Sim","Ao implementar uma arquitetura testavel, esses padrões de design/projeto se tornam necessários para deixar a ViewModel desacoplada, testavel e seguir os padrões SOLID","Parcialmente","Caso as propriedes estejam na View usando @State e @EnvironmentObject, acredto que o MVVM fique comprometido sim já que algumas das dependências e propriedades que deveriam ser da ViewModel agora estao na View. Dependendo da dependência isso ainda gerará lógica dentro da View.

","Dificuldade com Combine/async","Como VIPER não e uma arquitetura reativa, alguns que seguem o conceito “a risca” podem entender que o que foi implementado nao é um VIPER de verdade.","MVVM","É uma arquitetura relativamente simples, facil de ser testada e separa bem as camadas lógica e apresentação. Além de ter uma boa sinergia com o padrão reativo do SwiftUI",""
"2025/11/26 8:38:57 PM GMT-3","Sim","Avançado","Mais de 2 anos","MVVM;mvvm-c","mvvm-c","Escalabilidade","Por pastas/camadas","dessa forma o projeto fica mais organizado e estabilizado ","Sim","com o clean swift, além de organizar a camada de network/service: tornamos ela mais limpa e trabalhamos o conceito de responsabilidade única. já com o coordinator, conseguimos não só chamar a tela mas também trabalhar com a injeção de dependências passando objetos entre views","Não","da pra usar sem problema nenhum ","não saberia o motivo ","ainda não vi as desvantagens, pois nunca usei hiper em swiftui","depende do contexto ","depende do projeto ",""
"2025/11/26 9:51:36 PM GMT-3","Sim","Especialista","Mais de 2 anos","MVVM;MV","MV","Organização","Pacote ","Organizar melhor o código ","Sim","Caso haja necessidade sim ","Parcialmente","MV é mais limpo ","Boilerplate","Muito código ","MV","Pelas sessions e exemplos da Apple ",""
"2025/11/26 10:45:46 PM GMT-3","Sim","Avançado","1–2 anos","MVVM;MV","MV","Padrão da equipe","Por pastas/camadas","Pra mim, a organização que mais funciona é a separação por pastas relacionadas a funcionalidades. Principalmente na organização das Views, costumo separar por trechos de navegação que facilitam na hora de entender o fluxo visual do app.","Não","A maioria dos meus projetos não foi de uma complexidade que necessitasse dessas outras camadas","Não sei opinar","Não tenho segurança suficiente para falar com precisão, mas entendo que os modificadores de estado acabam assumindo parte das responsabilidades que, em um MVVM tradicional, ficariam no ViewModl… Eles já controlam ciclo, reatividade e atualização da interface, acho que reduz um pouco a necessidade de uma camada totalmente separada pra fazer esse intermeio da Model e View.","não conheço/nunca usei","não conheço/nunca usei","MV","O SwiftUI já trabalha muito bem com estado e reatividade, acho que usar apenas MV deixa o código um pouco mais fácil de manter. Eu geralmente costumo achar que adicionar outras camadas, como Presenter ou ViewModel deixam o código mais pesado no sentido de “complexo de organizar”",""
"2025/11/27 6:53:31 AM GMT-3","Sim","Avançado","Mais de 2 anos","MVVM;MV","MVVM","Organização","Por pastas/camadas","Devido ao ritmo de desenvolvimento do time, não é possível gerar módulos para cada.","Sim","Normalmente usamos Coordinator. Ajuda a manter a feature entre diferentes devs.","Parcialmente","Não, acredito que pode ser usado em determinados contextos para permitir maior organização do código. Idealmente, prefiro que a estrutura mais importante da feature esteja dentro do MVVM e não de apenas uma das classes. ","Boilerplate","Acho que o boilerplate de uma estrutura como VIPER: atrapalha devs que não tem conhecimento de estruturas fora do usual (como as que a Apple usa) e cria dificuldades ao pesquisar conteúdo na internet.","MVVM","Acredito que toda a estrutura usada internamente para Apple foi pensada para o MVVM. O grande problema é que a Apple não mostra bons exemplos dessa arquitetura em larga escala (empresas com apps grandes como Mercado Livre, Uber etc). Então, apesar de ser a mais nativa ao framework SwiftUI, ainda questiono sua usabilidade no dia a dia de grandes times de desenvolvimento. 

As outras arquiteturas tentam corrigir certos aspectos do MVVM, mas também tem suas desvantagens. Na minha opinião, prefiro algo que é mais universal, mais fácil de ser aprendido e compartilhado entre devs do que usar algo muito específico e que pode atrasar o time. Por isso minha preferência pelo MVVM. ",""
"2025/11/27 10:55:13 AM GMT-3","Sim","Avançado","Mais de 2 anos","MVVM;VIPER;MVP;MV","MVVM","Organização","Por pastas/camadas","Acredito que assim mantenho uma melhor estrutura do projeto.","Sim","Apenas com proposito de modularizar.","Não","Acredito que eles apenas facilitam a integração responsiva.","Falta de consenso","Acho que vai acabar dependendo muito do tipo de projeto, tamanho, propostas. Acredito que essa arquitetura tenha que ser para um projeto bem especifico, ja bem estruturado e defino, em times que usam SCRUM isso nao ocorre com frequencia, então fica mais facil utilizar outras arquiteturas que facilitem mudanças significativas no meio do projeto.","MVVM","Pela facilidade em estruturar e ser mais facil trabalahr com a metodolia SCRUM",""
"2025/11/27 11:53:18 AM GMT-3","Sim","Intermediário","1–2 anos","MVVM;MV;MVC","MVVM","Escalabilidade","Por pastas/camadas","Organizo por camadas para manter uma separação clara de responsabilidades dentro do projeto.","Sim","Quando o projeto precisa, utilizo camadas extras como Repository e UseCase para organizar melhor a lógica de negócio e o acesso a dados, mantendo o código mais limpo e fácil de manter. Só aplico essas camadas quando realmente fazem sentido para a complexidade do app.","Parcialmente","No MVVM “puro”, o ViewModel não deveria depender do framework. No SwiftUI, usamos wrappers como @StateObject e @ObservedObject, o que cria uma dependência. Mas, quando eles ficam só na View, a separação das responsabilidades ainda funciona bem na prática.","Nunca implementei VIPER em SwiftUI","Nunca implementei VIPER em SwiftUI, então minha percepção é mais teórica. Pelo que vejo, ele não se encaixa tão bem no estilo declarativo do SwiftUI e acaba exigindo muita estrutura e arquivos extras, o que pode gerar bastante boilerplate.","MVVM","Acredito que o MVVM é o padrão que melhor se encaixa no SwiftUI, porque ele já oferece uma boa separação entre interface e lógica de estado.",""
"2025/11/27 3:50:59 PM GMT-3","Sim","Avançado","1–2 anos","MVVM;MV","MVVM","Escalabilidade","Por feature/módulo","Quando o projeto cresce, uma pasta com todos os ViewModels fica bagunçado - organizar por feature é mais limpo","Não","Não tive muito contato e necessidade","Não sei opinar","Não tive problemas mas não tenho certeza das definições exatas do MVVM puro ","Boilerplate","Nunca usei, mas me parece excessivamente complexo para um projeto pequeno/ médio ","MV","Acho que o MV acaba se aproveitando melhor do funcionamento das macros do SwiftUI, apesar de em escala ficar bagunçado ",""
"2025/11/27 11:59:43 PM GMT-3","Sim","Especialista","Mais de 2 anos","MVVM;MVP;MV","MV","Facilidade","Uma pasta para cada camada e, dentro de cada camada, uma pasta para cada recurso, geralmente","Acredito ser uma maneira de organizar que torna a busca por algum arquivo bastante intuitiva e não exige muito esforço mental para criar os arquivos nos lugares corretos, então acho bom para organizar e para buscar um projeto com essa organização.","Sim","Eu entendo que camadas como essas podem ajudar na organização do código e não vejo motivo para evitar o uso se for positivo para o projeto.","Sim","Eu entendo que nem toda ViewModel pode ser completamente isolada. Vai existir uma situação onde uma ViewModel precisa receber uma informação. E vai existir uma situação onde uma ViewModel que recebe uma informação usa essa informação em algo que é visível na interface.
Eu entendo que só existem 2 maneiras de passar informação para uma ViewModel nesse tipo de situação. Ou passando pelo onAppear, ou passando pelo init. A passagem de informação pelo onAppear, além de deselegante, para mim é um padrão de código prejudicial aos projetos. Ela nos tira todos os benefícios e garantias dos inicializadores. Isso resulta, por exemplo, em uma propriedade tendo que se tornar Optional e ser inicializada como nil só enquanto o onAppear não executa, o que faz com que todas as interações com ela tenham um optional unwrapping à toa ou um force unwrapping que torna ela um risco porque futuramente ela pode ser trocada para nil e causar um crash inesperado. Por outro lado, inicializar um @StateObject no init da View não é uma boa-práticas de SwiftUI segundo a Apple porque o init do StateObject recebe uma autoclosure que faz cache do argumento passado. Se a View é inicializada novamente, o valor do parâmetro passado pelo StateObject não tem efeito se ele já tiver sido avaliado anteriormente. Isso pode dar a falsa impressão de que o seu StateObject vai atualizar de acordo com as propriedades que estão sendo lidas no init dele, mas esse não é o caso e isso pode ser muito confuso, contra-intuitivo, e atrapalhar a investigação de problemas por ser pouco visível. E o State ser inicializado no init também não parece ser uma boa ideia por conta de comportamentos inesperados neste mesmo sentido. Portanto, se onAppear tem problemas e init tem comportamentos que não são claros e/ou não são recomendados, não sobram maneiras, ao meu ver, de resolver a situação que eu comentei inicialmente. E ela me parece algo bem comum e útil no dia a dia, contorná-la não me parece confortável ou intuitivo muito menos com SwiftUI puro.","Não conheço o suficiente.","Não conheço o suficiente.","MV","É a que a Apple usa e vejo ela sendo usado em grandes projetos como o IceCubes, por exemplo.",""
"2025/11/28 10:04:59 AM GMT-3","Sim","Avançado","1–2 anos","MVVM;MV","MVVM","Escalabilidade","Por feature/módulo","Organizar por feature deixa mais fácil de navegar entre Views, Models e ViewModels ao trabalhar em uma funcionalidade específica.","Sim","Eu costumo utilizar uma camada service, para serviços como comunicação com banco de dados e gerenciador de funções do MultipeerConnectivity.","Sim","Uma View de MVVM não deveria conter variáveis além de uma instância do ViewModel, e a introdução de variáveis @State vão contra esse paradigma.","Comunicação entre camadas","Nunca usei uma arquitetura VIPER por não ter trabalhado em um projeto que precisasse desse nível de complexidade. Projeto de pequeno e médio porte em geral não precisam implementar tantas camadas diferentes e se preocupar com a complexidade da comunicação entre elas.","MV","O SwiftUI oferece wrappers como @State e @Observable, que abstraem as atualizações de View e permitem criar uma arquitetura MV completa, com a lógica de negócio na camada Model e a lógica de interface na camada View.",""