arquitetura,reddit_total,forms_principal,forms_mais_adequada,positivo,neutro,negativo,sent_pos_share,sent_neu_share,sent_neg_share,sentimento_predominante,indice_alinhamento
MVVM,835.0,8.0,5.0,575.0,131.0,129.0,0.688622754491018,0.1568862275449102,0.15449101796407186,positivo,0.8810229799851742
TCA,246.0,0.0,1.0,186.0,23.0,37.0,0.7560975609756098,0.09349593495934959,0.15040650406504066,positivo,0.8561042367565719
MVC,106.0,0.0,0.0,88.0,6.0,12.0,0.8301886792452831,0.05660377358490566,0.11320754716981132,positivo,0.9214232765011119
MV,57.0,4.0,6.0,46.0,4.0,7.0,0.8070175438596491,0.07017543859649122,0.12280701754385964,positivo,0.6576381365113759
MVP,44.0,0.0,0.0,36.0,4.0,4.0,0.8181818181818182,0.09090909090909091,0.09090909090909091,positivo,0.9673832468495182
VIPER,41.0,0.0,0.0,32.0,5.0,4.0,0.7804878048780488,0.12195121951219512,0.0975609756097561,positivo,0.9696071163825055
MVVM-C,15.0,1.0,0.0,13.0,1.0,1.0,0.8666666666666667,0.06666666666666667,0.06666666666666667,positivo,0.9615384615384616
MVI,4.0,0.0,0.0,4.0,0.0,0.0,1.0,0.0,0.0,positivo,0.9970348406226834
RIBs,1.0,0.0,0.0,1.0,0.0,0.0,1.0,0.0,0.0,positivo,0.9992587101556709
Depends on context,0.0,0.0,1.0,0.0,0.0,0.0,0.0,0.0,0.0,,0.9615384615384616
