arquitetura,reddit_total,reddit_share,reddit_rank,forms_ja_utilizou,forms_ja_utilizou_share,forms_ja_utilizou_rank,forms_principal,forms_principal_share,forms_principal_rank,forms_mais_adequada,forms_mais_adequada_share,forms_mais_adequada_rank,delta_share_reddit_vs_forms_principal,delta_share_reddit_vs_forms_adequada,delta_share_forms_principal_vs_adequada,delta_rank_reddit_vs_forms_principal,delta_rank_reddit_vs_forms_adequada,gap_absoluto_reddit_vs_forms_principal,gap_absoluto_reddit_vs_forms_adequada,indice_alinhamento,tipo_cruzamento
RIBs,1.0,0.0007412898443291327,9.0,0.0,0.0,0.0,0.0,0.0,0.0,0.0,0.0,0.0,0.0007412898443291327,0.0007412898443291327,0.0,,,0.0007412898443291327,0.0007412898443291327,0.9992587101556709,so_reddit
MVI,4.0,0.0029651593773165306,8.0,0.0,0.0,0.0,0.0,0.0,0.0,0.0,0.0,0.0,0.0029651593773165306,0.0029651593773165306,0.0,,,0.0029651593773165306,0.0029651593773165306,0.9970348406226834,so_reddit
VIPER,41.0,0.03039288361749444,6.0,2.0,0.058823529411764705,4.0,0.0,0.0,0.0,0.0,0.0,0.0,0.03039288361749444,0.03039288361749444,0.0,,,0.03039288361749444,0.03039288361749444,0.9696071163825055,so_reddit
MVP,44.0,0.03261675315048184,5.0,4.0,0.11764705882352941,3.0,0.0,0.0,0.0,0.0,0.0,0.0,0.03261675315048184,0.03261675315048184,0.0,,,0.03261675315048184,0.03261675315048184,0.9673832468495182,so_reddit
MVVM-C,15.0,0.01111934766493699,7.0,1.0,0.029411764705882353,5.0,1.0,0.07692307692307693,3.0,0.0,0.0,0.0,-0.06580372925813993,0.01111934766493699,0.07692307692307693,4.0,,0.06580372925813993,0.01111934766493699,0.9615384615384616,parcial
Depends on context,0.0,0.0,0.0,0.0,0.0,0.0,0.0,0.0,0.0,1.0,0.07692307692307693,3.0,0.0,-0.07692307692307693,-0.07692307692307693,,,0.0,0.07692307692307693,0.9615384615384616,so_forms
MVC,106.0,0.07857672349888807,3.0,2.0,0.058823529411764705,4.0,0.0,0.0,0.0,0.0,0.0,0.0,0.07857672349888807,0.07857672349888807,0.0,,,0.07857672349888807,0.07857672349888807,0.9214232765011119,so_reddit
MVVM,835.0,0.6189770200148258,1.0,13.0,0.38235294117647056,1.0,8.0,0.6153846153846154,1.0,5.0,0.38461538461538464,2.0,0.0035924046302103774,0.23436163539944116,0.23076923076923078,0.0,-1.0,0.0035924046302103774,0.23436163539944116,0.8810229799851742,alinhado_nas_duas_fontes
TCA,246.0,0.18235730170496664,2.0,1.0,0.029411764705882353,5.0,0.0,0.0,0.0,1.0,0.07692307692307693,3.0,0.18235730170496664,0.10543422478188971,-0.07692307692307693,,-1.0,0.18235730170496664,0.10543422478188971,0.8561042367565719,parcial
MV,57.0,0.04225352112676056,4.0,11.0,0.3235294117647059,2.0,4.0,0.3076923076923077,2.0,6.0,0.46153846153846156,1.0,-0.26543878656554715,-0.419284940411701,-0.15384615384615385,2.0,3.0,0.26543878656554715,0.419284940411701,0.6576381365113759,alinhado_nas_duas_fontes
